subject_id,split
001,train
002,train
003,train
004,train
005,train
006,train
007,train
008,train
009,train
010,train
011,train
012,train
013,train
014,train
015,train
016,train
017,train
018,train
019,train
020,train
021,train
022,train
023,train
025,train
026,train
029,train
038,train
039,train
040,train
041,train
042,train
043,train
044,train
045,train
101,train
102,train
103,train
104,train
105,train
106,train
107,train
108,train
109,train
110,train
112,train
113,train
114,train
115,train
116,train
117,train
118,train
119,train
120,train
121,train
122,train
123,train
124,train
125,train
126,train
127,train
128,train
138,train
139,train
140,train
141,train
142,train
143,train
144,train
145,train
146,train
030,val
031,val
032,val
033,val
034,val
035,val
036,val
037,val
129,val
130,val
131,val
132,val
133,val
134,val
135,val
136,val
137,val
030,test
031,test
032,test
033,test
034,test
035,test
036,test
037,test
129,test
130,test
131,test
132,test
133,test
134,test
135,test
136,test
137,test
