run,head,k,same_subject_purity,chance_same_subject,same_stress_purity,chance_same_stress,subject_knn_accuracy,stress_knn_accuracy
WESAD-pretrained -> eval WESAD,z_inv,1,1.0,0.06640297958576873,0.9942020140372292,0.70155630149527,1.0,0.9942020140372292
WESAD-pretrained -> eval WESAD,z_inv,5,0.9972535855965823,0.06640297958576873,0.9882819652120842,0.70155630149527,0.9990845285321941,0.9938968568812938
WESAD-pretrained -> eval WESAD,z_inv,10,0.9909978638999084,0.06640297958576873,0.980103753433018,0.70155630149527,0.9975587427525175,0.9911504424778761
WESAD-pretrained -> eval WESAD,z_inv,20,0.9737870003051572,0.06640297958576873,0.9658986878242295,0.70155630149527,0.9969484284406469,0.9896246566981995
WESAD-pretrained -> eval WESAD,z_spec,1,1.0,0.06640297958576873,0.9499542264266096,0.70155630149527,1.0,0.9499542264266096
WESAD-pretrained -> eval WESAD,z_spec,5,1.0,0.06640297958576873,0.9374427830332621,0.70155630149527,1.0,0.9536161122978334
WESAD-pretrained -> eval WESAD,z_spec,10,1.0,0.06640297958576873,0.9272200183094294,0.70155630149527,1.0,0.9496490692706744
WESAD-pretrained -> eval WESAD,z_spec,20,1.0,0.06640297958576873,0.9093378089716204,0.70155630149527,1.0,0.9395788831248093
WESAD-pretrained -> eval WESAD,h_out,1,1.0,0.06640297958576873,0.9938968568812938,0.70155630149527,1.0,0.9938968568812938
WESAD-pretrained -> eval WESAD,h_out,5,0.9976808056148917,0.06640297958576873,0.9882819652120842,0.70155630149527,0.9993896856881294,0.9938968568812938
WESAD-pretrained -> eval WESAD,h_out,10,0.9917912725053403,0.06640297958576873,0.9805004577357339,0.70155630149527,0.9978638999084528,0.9911504424778761
WESAD-pretrained -> eval WESAD,h_out,20,0.9772352761672262,0.06640297958576873,0.9665090021361001,0.70155630149527,0.9975587427525175,0.9893194995422643
WESAD-pretrained -> eval WESAD,h_out_rand,1,0.9420201403722918,0.06640297958576873,0.9295086969789441,0.70155630149527,0.9420201403722918,0.9295086969789441
WESAD-pretrained -> eval WESAD,h_out_rand,5,0.9090631675312786,0.06640297958576873,0.9095514189807751,0.70155630149527,0.9429356118400977,0.9346963686298444
WESAD-pretrained -> eval WESAD,h_out_rand,10,0.8777235276167226,0.06640297958576873,0.8905401281660055,0.70155630149527,0.9398840402807446,0.9200488251449497
WESAD-pretrained -> eval WESAD,h_out_rand,20,0.8323314006713457,0.06640297958576873,0.8683704607873055,0.70155630149527,0.9246261824839792,0.9127250534025023
SWELL-pretrained -> eval SWELL,z_inv,1,0.8834441181017159,0.04253187077229433,0.780491575204823,0.6085948369145154,0.8834441181017159,0.780491575204823
SWELL-pretrained -> eval SWELL,z_inv,5,0.8588962745401144,0.04253187077229433,0.763441026433761,0.6085948369145154,0.8941876642448601,0.8050703354459731
SWELL-pretrained -> eval SWELL,z_inv,10,0.8405549543978976,0.04253187077229433,0.7521409800587416,0.6085948369145154,0.8919462049775854,0.8100170041737518
SWELL-pretrained -> eval SWELL,z_inv,20,0.8168341320142217,0.04253187077229433,0.7381859638274849,0.6085948369145154,0.8842943267893029,0.8058432524346885
SWELL-pretrained -> eval SWELL,z_spec,1,0.8614159839233266,0.04253187077229433,0.7688205286752203,0.6085948369145154,0.8614159839233266,0.7688205286752203
SWELL-pretrained -> eval SWELL,z_spec,5,0.8396815582006493,0.04253187077229433,0.7516463131859639,0.6085948369145154,0.87161848817437,0.7938630391095997
SWELL-pretrained -> eval SWELL,z_spec,10,0.8231102179625909,0.04253187077229433,0.7410882671201113,0.6085948369145154,0.8708455711856546,0.7954088730870305
SWELL-pretrained -> eval SWELL,z_spec,20,0.8006994898747875,0.04253187077229433,0.7257922399134333,0.6085948369145154,0.8604111918379966,0.7960272066780028
SWELL-pretrained -> eval SWELL,h_out,1,0.8905549543978977,0.04253187077229433,0.7874478281032617,0.6085948369145154,0.8905549543978977,0.7874478281032617
SWELL-pretrained -> eval SWELL,h_out,5,0.8673365280568867,0.04253187077229433,0.7664090276704282,0.6085948369145154,0.900448291853455,0.8108672128613387
SWELL-pretrained -> eval SWELL,h_out,10,0.8503555418148091,0.04253187077229433,0.7558200649250271,0.6085948369145154,0.8995207914669965,0.8116401298500541
SWELL-pretrained -> eval SWELL,h_out,20,0.8284008347503478,0.04253187077229433,0.742023496676457,0.6085948369145154,0.8902457876024115,0.8073890864121194
SWELL-pretrained -> eval SWELL,h_out_rand,1,0.6257535940639976,0.04253187077229433,0.6623125676302365,0.6085948369145154,0.6257535940639976,0.6623125676302365
SWELL-pretrained -> eval SWELL,h_out_rand,5,0.5497913124130468,0.04253187077229433,0.6477508115628382,0.6085948369145154,0.6664863193692997,0.698948832895347
SWELL-pretrained -> eval SWELL,h_out_rand,10,0.5048230020095842,0.04253187077229433,0.6330344720976967,0.6085948369145154,0.67552944813727,0.7004173751739063
SWELL-pretrained -> eval SWELL,h_out_rand,20,0.45817359715566547,0.04253187077229433,0.6209383212243005,0.6085948369145154,0.6701963209151337,0.7111609213170506
SWELL-pretrained -> eval WESAD,z_inv,1,0.8123283490997864,0.06640297958576873,0.8788526090936832,0.70155630149527,0.8123283490997864,0.8788526090936832
SWELL-pretrained -> eval WESAD,z_inv,5,0.7624046383887703,0.06640297958576873,0.8618248397924931,0.70155630149527,0.8257552639609399,0.893500152578578
SWELL-pretrained -> eval WESAD,z_inv,10,0.7275862068965517,0.06640297958576873,0.8543179737564845,0.70155630149527,0.8236191638693927,0.892584681110772
SWELL-pretrained -> eval WESAD,z_inv,20,0.6826060421116875,0.06640297958576873,0.8409826060421117,0.70155630149527,0.8068355202929509,0.8916692096429661
SWELL-pretrained -> eval WESAD,z_spec,1,0.7891364052487031,0.06640297958576873,0.8605431797375649,0.70155630149527,0.7891364052487031,0.8605431797375649
SWELL-pretrained -> eval WESAD,z_spec,5,0.7549588037839488,0.06640297958576873,0.8575526396093989,0.70155630149527,0.816905706438816,0.8852609093683247
SWELL-pretrained -> eval WESAD,z_spec,10,0.7324992371071102,0.06640297958576873,0.8489472078120232,0.70155630149527,0.824839792493134,0.8931949954226427
SWELL-pretrained -> eval WESAD,z_spec,20,0.7010527921879768,0.06640297958576873,0.8370155630149527,0.70155630149527,0.816905706438816,0.8907537381751602
SWELL-pretrained -> eval WESAD,h_out,1,0.8114128776319804,0.06640297958576873,0.8773268233140067,0.70155630149527,0.8114128776319804,0.8773268233140067
SWELL-pretrained -> eval WESAD,h_out,5,0.7653341470857492,0.06640297958576873,0.8613365883429966,0.70155630149527,0.8300274641440342,0.8922795239548368
SWELL-pretrained -> eval WESAD,h_out,10,0.7337808971620384,0.06640297958576873,0.8529142508391822,0.70155630149527,0.8266707354287458,0.889533109551419
SWELL-pretrained -> eval WESAD,h_out,20,0.6917454989319499,0.06640297958576873,0.8417760146475435,0.70155630149527,0.8172108635947513,0.8904485810192249
SWELL-pretrained -> eval WESAD,h_out_rand,1,0.9707049130302106,0.06640297958576873,0.9414098260604211,0.70155630149527,0.9707049130302106,0.9414098260604211
SWELL-pretrained -> eval WESAD,h_out_rand,5,0.9461702776930119,0.06640297958576873,0.9259688739700946,0.70155630149527,0.9639914555996338,0.9456820262435154
SWELL-pretrained -> eval WESAD,h_out_rand,10,0.9266097039975587,0.06640297958576873,0.9145865120537077,0.70155630149527,0.9530057979859627,0.9377479401891974
SWELL-pretrained -> eval WESAD,h_out_rand,20,0.8946292340555386,0.06640297958576873,0.8959566676838572,0.70155630149527,0.9417149832163564,0.9264571254195911
PsychioNet-pretrained -> eval WESAD,z_inv,1,0.9990845285321941,0.06640297958576873,0.9865730851388465,0.70155630149527,0.9990845285321941,0.9865730851388465
PsychioNet-pretrained -> eval WESAD,z_inv,5,0.9967653341470858,0.06640297958576873,0.9774183704607873,0.70155630149527,0.9984742142203235,0.984131827891364
PsychioNet-pretrained -> eval WESAD,z_inv,10,0.9936527311565456,0.06640297958576873,0.9691180958193469,0.70155630149527,0.9963381141287763,0.9780286847726579
PsychioNet-pretrained -> eval WESAD,z_inv,20,0.9879310344827587,0.06640297958576873,0.9569118095819347,0.70155630149527,0.9926762282575526,0.9758925846811107
PsychioNet-pretrained -> eval WESAD,z_spec,1,0.9978638999084528,0.06640297958576873,0.9832163564235581,0.70155630149527,0.9978638999084528,0.9832163564235581
PsychioNet-pretrained -> eval WESAD,z_spec,5,0.9965822398535246,0.06640297958576873,0.9769301190112908,0.70155630149527,0.9978638999084528,0.984131827891364
PsychioNet-pretrained -> eval WESAD,z_spec,10,0.9932560268538297,0.06640297958576873,0.9702166615807141,0.70155630149527,0.9963381141287763,0.9829111992676228
PsychioNet-pretrained -> eval WESAD,z_spec,20,0.9860695758315533,0.06640297958576873,0.9577052181873665,0.70155630149527,0.992065913945682,0.9774183704607873
PsychioNet-pretrained -> eval WESAD,h_out,1,0.9987793713762587,0.06640297958576873,0.9856576136710405,0.70155630149527,0.9987793713762587,0.9856576136710405
PsychioNet-pretrained -> eval WESAD,h_out,5,0.9968873970094598,0.06640297958576873,0.9776624961855356,0.70155630149527,0.9981690570643882,0.9847421422032346
PsychioNet-pretrained -> eval WESAD,h_out,10,0.9939884040280744,0.06640297958576873,0.9702776930119011,0.70155630149527,0.9957277998169057,0.981080256332011
PsychioNet-pretrained -> eval WESAD,h_out,20,0.9878547451937748,0.06640297958576873,0.957796765334147,0.70155630149527,0.9932865425694233,0.9780286847726579
PsychioNet-pretrained -> eval WESAD,h_out_rand,1,0.9142508391821789,0.06640297958576873,0.9160817821177907,0.70155630149527,0.9142508391821789,0.9160817821177907
PsychioNet-pretrained -> eval WESAD,h_out_rand,5,0.8737870003051571,0.06640297958576873,0.8992981385413488,0.70155630149527,0.9188281965212084,0.93042416844675
PsychioNet-pretrained -> eval WESAD,h_out_rand,10,0.8444613976197742,0.06640297958576873,0.8830027464144035,0.70155630149527,0.9124198962465669,0.9237107110161733
PsychioNet-pretrained -> eval WESAD,h_out_rand,20,0.8008696978944156,0.06640297958576873,0.8620537076594447,0.70155630149527,0.8953310955141898,0.9182178822093378
PsychioNet-pretrained -> eval SWELL,z_inv,1,0.7699799041582934,0.04253187077229433,0.7179625908177462,0.6085948369145154,0.7699799041582934,0.7179625908177462
PsychioNet-pretrained -> eval SWELL,z_inv,5,0.7144844643685269,0.04253187077229433,0.6930746637811099,0.6085948369145154,0.7893801205750502,0.7482609367753903
PsychioNet-pretrained -> eval SWELL,z_inv,10,0.6769670737362807,0.04253187077229433,0.6773148863812026,0.6085948369145154,0.7838924099551708,0.7428505178543824
PsychioNet-pretrained -> eval SWELL,z_inv,20,0.6268279486783119,0.04253187077229433,0.6595532539805224,0.6085948369145154,0.7687432369763487,0.7494203122584634
PsychioNet-pretrained -> eval SWELL,z_spec,1,0.7695934456639357,0.04253187077229433,0.7215953006647086,0.6085948369145154,0.7695934456639357,0.7215953006647086
PsychioNet-pretrained -> eval SWELL,z_spec,5,0.7136033390013913,0.04253187077229433,0.6941258308857629,0.6085948369145154,0.7903076209615087,0.7488019786674911
PsychioNet-pretrained -> eval SWELL,z_spec,10,0.6768356778481991,0.04253187077229433,0.6793940330808471,0.6085948369145154,0.7835059514608131,0.7494203122584634
PsychioNet-pretrained -> eval SWELL,z_spec,20,0.6285283660534858,0.04253187077229433,0.6611454629772763,0.6085948369145154,0.7708301128458803,0.7553717730715721
PsychioNet-pretrained -> eval SWELL,h_out,1,0.785206368835987,0.04253187077229433,0.724223218426341,0.6085948369145154,0.785206368835987,0.724223218426341
PsychioNet-pretrained -> eval SWELL,h_out,5,0.733049930437471,0.04253187077229433,0.7005719585716494,0.6085948369145154,0.8025197093832123,0.7566857319523883
PsychioNet-pretrained -> eval SWELL,h_out,10,0.6960658525274386,0.04253187077229433,0.6847889936620807,0.6085948369145154,0.7998144999227083,0.7577678157365899
PsychioNet-pretrained -> eval SWELL,h_out,20,0.6466223527593137,0.04253187077229433,0.665296027206678,0.6085948369145154,0.7854382439326016,0.7569176070490029
PsychioNet-pretrained -> eval SWELL,h_out_rand,1,0.5663935693306539,0.04253187077229433,0.6518781882825785,0.6085948369145154,0.5663935693306539,0.6518781882825785
PsychioNet-pretrained -> eval SWELL,h_out_rand,5,0.4938012057505024,0.04253187077229433,0.6295408873087031,0.6085948369145154,0.6052712938630391,0.6797804915752048
PsychioNet-pretrained -> eval SWELL,h_out_rand,10,0.45106662544442727,0.04253187077229433,0.6172360488483537,0.6085948369145154,0.6187200494666872,0.6830267429278095
PsychioNet-pretrained -> eval SWELL,h_out_rand,20,0.40423944968310405,0.04253187077229433,0.6059166795486165,0.6085948369145154,0.614546297727624,0.6941567475653115
