f1_score,accuracy,seeds,Output_path

Run train_dp model for finetune
0.85552,0.8894466666666665,[0],./save/cnn_overlap_new/contrastive_SWELLDataset/
0.8544933333333334,0.89406,[0],./save/cnn_overlap_change_timeshift/subject_specific_SWELLDataset/
0.8381266666666666,0.8822799999999998,[0],./save/cnn_overlap_change_timeshift/contrastive_SWELLDataset/
0.8427399999999999,0.8763066666666667,[0],./save/cnn_overlap_change_timeshift/subject_specific_SWELLDataset/
0.8857,0.8972933333333332,[0],./save/moe_dual_branch_timeshift_change/moe_dual_branch_WESADDataset/
0.8541666666666666,0.8789733333333333,[0],./save/moe_dual_branch/moe_dual_branch_SWELLDataset/
0.84906,0.8955266666666668,[0],./save/moe_dual_branch_resnet/moe_dual_branch_SWELLDataset/
0.8569266666666665,0.8817666666666665,[0],./save/moe_dual_branch_remove_adv/moe_dual_branch_SWELLDataset/
0.8759933333333333,0.8938133333333333,[0],./save/moe_dual_branch_0.5/moe_dual_branch_SWELLDataset/

0.8477733333333333,0.8766533333333333,[0],./save/moe_dual_branch_1/moe_dual_branch_SWELLDataset/
0.8740999999999999,0.88864,[0],./save/moe_dual_branch_0.5/moe_dual_branch_SWELLDataset/
0.8641533333333332,0.8966933333333333,[0],./save/moe_5_branch/moe_n_pretrain_SWELLDataset/
0.8504933333333334,0.8600133333333333,[0],./save/moe_dual_branch_0.5/moe_dual_branch_PsychioNet/
0.8385066666666667,0.8818266666666666,[0],./save/moe_5_branch/moe_n_pretrain_subject_specific_SWELLDataset/
0.8717,0.8826733333333334,[0],./save/moe_single_shared_branch/moe_dual_branch_SWELLDataset/
0.7903733333333334,0.8019599999999999,[0],./save/moe_dual_branch_0.5/moe_dual_branch_PsychioNet/
0.8550466666666667,0.8657,[0],./save/moe_dual_branch_0.5/moe_dual_branch_PsychioNet/
0.8729599999999998,0.8844866666666669,[0],./save/moe_dual_branch_0_5_no_orth/moe_dual_branch_SWELLDataset/
0.8705866666666667,0.8916200000000001,[0],./save/moe_single_shared_branch_no_orth/moe_dual_branch_SWELLDataset/
0.8832533333333333,0.9125666666666669,[0],./save/moe_5_branch_all_expert/moe_n_pretrain_SWELLDataset/
0.8736200000000002,0.8994399999999999,[0],./save/moe_dual_branch_g/moe_dual_branch_SWELLDataset/
0.9065066666666665,0.9139066666666668,[0],./save/moe_dual_branch_g/moe_dual_branch_PsychioNet/
0.8503866666666668,0.8838266666666665,[0],./save/moe_5_branch_ss_all_expert/moe_n_pretrain_SWELLDataset/
0.8554999999999999,0.8685066666666665,[0],./save/moe_5_branch/moe_n_pretrain_PsychioNet/
0.8847333333333334,0.9053866666666666,[0],./save/moe_dual_branch_concat/moe_dual_branch_SWELLDataset/
0.9239200000000001,0.9330533333333333,[0],./save/moe_dual_branch_concat/moe_dual_branch_PsychioNet/
0.6514359999999999,0.667508,[0],./save/moe_dual_branch_g/moe_dual_branch_SWELLDataset/
0.9546,0.9547,[0],./save/moe_dual_branch_g/moe_dual_branch_SWELLDataset/
0.2308,0.3001,[0],./save/moe_dual_branch_g/moe_dual_branch_SWELLDataset/
0.521,0.5256,[0],./save/moe_dual_branch_concat/moe_dual_branch_WESADDataset/
0.8737333333333334,0.8922933333333333,[0],./save/moe_dual_branch_concat_da/moe_dual_branch_SWELLDataset/
0.8821466666666667,0.9091666666666666,[0],./save/moe_dual_branch_concat_da/moe_dual_branch_PsychioNet/
0.8790466666666668,0.9077133333333335,[0],./save/moe_dual_n_expert/moe_dual_n_pretrain_SWELLDataset/
0.9159533333333333,0.9261533333333333,[0],./save/moe_dual_branch_concat_da/moe_dual_branch_PsychioNet/
0.91552,0.9278866666666666,[0],./save/moe_dual_branch_concat_da/moe_dual_branch_PsychioNet/

0.663564,0.6890480000000001,[0],./save/moe_dual_branch_concat/moe_dual_branch_PsychioNet/
0.6580759999999999,0.6727879999999999,[0],./save/moe_dual_branch_concat/moe_dual_branch_SWELLDataset/
0.9116066666666668,0.9223000000000001,[0],./save/moe_dual_n_expert/moe_dual_n_pretrain_PsychioNet/
0.8638666666666667,0.8834466666666665,[0],./save/moe_dual_n_expert/moe_dual_n_pretrain_SWELLDataset/


0.8828733333333333,0.8989199999999999,[0],./save/dual_subject_minmax/moe_dual_branch_SWELLDataset/pretrain,./save/dual_subject_minmax/moe_dual_branch_SWELLDataset/finetune/WESADDataset
0.8998133333333335,0.9085199999999999,[0],./save/dual_subject_minmax/moe_dual_branch_WESADDataset/pretrain,./save/dual_subject_minmax/moe_dual_branch_WESADDataset/finetune/WESADDataset
0.66562,0.6948799999999999,[0],./save/dual_subject_minmax/moe_dual_branch_SWELLDataset/pretrain,./save/dual_subject_minmax/moe_dual_branch_SWELLDataset/finetune/SWELLDataset
0.6731,0.689088,[0],./save/dual_subject_minmax/moe_dual_branch_WESADDataset/pretrain,./save/dual_subject_minmax/moe_dual_branch_WESADDataset/finetune/SWELLDataset
0.8767066666666666,0.8853866666666667,[0],./save/dual_subject_minmax/moe_dual_branch_PsychioNet/pretrain,./save/dual_subject_minmax/moe_dual_branch_PsychioNet/finetune/WESADDataset
0.648532,0.682152,[0],./save/dual_subject_minmax/moe_dual_branch_PsychioNet/pretrain,./save/dual_subject_minmax/moe_dual_branch_PsychioNet/finetune/SWELLDataset
0.8974399999999998,0.9148,[0],./save/dual_subject_no_scale/moe_dual_branch_PsychioNet/pretrain,./save/dual_subject_no_scale/moe_dual_branch_PsychioNet/finetune/WESADDataset
0.89516,0.90728,[0],./save/dual_subject_z/moe_dual_branch_PsychioNet/pretrain,./save/dual_subject_z/moe_dual_branch_PsychioNet/finetune/WESADDataset
0.670672,0.686048,[0],./save/dual_subject_z/moe_dual_branch_PsychioNet/pretrain,./save/dual_subject_z/moe_dual_branch_PsychioNet/finetune/SWELLDataset
0.6706319999999999,0.6868559999999998,[0],./save/dual_subject_no_scale/moe_dual_branch_PsychioNet/pretrain,./save/dual_subject_no_scale/moe_dual_branch_PsychioNet/finetune/SWELLDataset
0.8888066666666666,0.9135266666666666,[0],./save/dual_subject_z/moe_dual_branch_SWELLDataset/pretrain,./save/dual_subject_z/moe_dual_branch_SWELLDataset/finetune/WESADDataset
0.6569079999999999,0.67592,[0],./save/dual_subject_z/moe_dual_branch_SWELLDataset/pretrain,./save/dual_subject_z/moe_dual_branch_SWELLDataset/finetune/SWELLDataset
0.8376266666666667,0.8658666666666667,[0],./save/dual_subject_convext_no_scale/moe_dual_branch_PsychioNet/pretrain,./save/dual_subject_convext_no_scale/moe_dual_branch_PsychioNet/finetune/WESADDataset
0.8686666666666667,0.8894000000000002,[0],./save/dual_subject_convext_no_scale/moe_dual_branch_WESADDataset/pretrain,./save/dual_subject_convext_no_scale/moe_dual_branch_WESADDataset/finetune/WESADDataset
0.596104,0.6234999999999999,[0],./save/dual_subject_convext_no_scale/moe_dual_branch_WESADDataset/pretrain,./save/dual_subject_convext_no_scale/moe_dual_branch_WESADDataset/finetune/SWELLDataset
0.627276,0.651364,[0],./save/dual_subject_convext_no_scale/moe_dual_branch_PsychioNet/pretrain,./save/dual_subject_convext_no_scale/moe_dual_branch_PsychioNet/finetune/SWELLDataset
0.7344200000000001,0.7755733333333332,[0],./save/dual_subject_convext_no_scale/moe_dual_branch_SWELLDataset/pretrain,./save/dual_subject_convext_no_scale/moe_dual_branch_SWELLDataset/finetune/WESADDataset
0.616908,0.638724,[0],./save/dual_subject_convext_no_scale/moe_dual_branch_SWELLDataset/pretrain,./save/dual_subject_convext_no_scale/moe_dual_branch_SWELLDataset/finetune/SWELLDataset
0.674272,0.7034320000000001,[0],./save/moe_dual_branch_concat/moe_dual_branch_PsychioNet/
0.60002,0.632276,[0],./save/moe_dual_branch_concat/moe_dual_branch_PsychioNet/
0.8598666666666668,0.8761466666666667,[0],./save/dual_subject_convext_modify/moe_dual_branch_PsychioNet/pretrain,./save/dual_subject_convext_modify/moe_dual_branch_PsychioNet/finetune/WESADDataset
0.6096679999999999,0.687928,[0],./save/dual_subject_convext_modify/moe_dual_branch_PsychioNet/pretrain,./save/dual_subject_convext_modify/moe_dual_branch_PsychioNet/finetune/SWELLDataset
0.6604239999999999,0.6921160000000001,[0],./save/moe_dual_branch_concat/moe_dual_branch_PsychioNet/
0.6476799999999999,0.8035266666666666,[0],./save/moe_two_encoder/moe_dual_n_pretrain_SWELLDataset/pretrain,./save/moe_two_encoder/moe_dual_n_pretrain_SWELLDataset/finetune/WESADDataset
0.866,0.8814200000000001,[0],./save/moe_dual_branch_concat/moe_dual_branch_PsychioNet/pretrain,./save/moe_dual_branch_concat/moe_dual_branch_PsychioNet/finetune/WESADDataset
0.8450266666666665,0.8827533333333335,[0],./save/dual_subject_two_encoder/moe_dual_branch_SWELLDataset/pretrain,./save/dual_subject_two_encoder/moe_dual_branch_SWELLDataset/finetune/WESADDataset
0.6743960000000001,0.7110160000000001,[0],./save/dual_subject_two_encoder/moe_dual_branch_SWELLDataset/pretrain,./save/dual_subject_two_encoder/moe_dual_branch_SWELLDataset/finetune/SWELLDataset
0.9000333333333334,0.9170533333333333,[0],./save/moe_dual_branch_concat/moe_dual_branch_PsychioNet/
0.8875466666666666,0.9036733333333334,[0],./save/moe_dual_branch_concat/moe_dual_branch_PsychioNet/pretrain,./save/moe_dual_branch_concat/moe_dual_branch_PsychioNet/finetune/WESADDataset
0.8906466666666667,0.9091400000000001,[0],./save/moe_dual_branch_concat/moe_dual_branch_PsychioNet/
0.8987733333333333,0.9083666666666667,[0],./save/moe_dual_branch_concat/moe_dual_branch_PsychioNet/pretrain,./save/moe_dual_branch_concat/moe_dual_branch_PsychioNet/finetune/WESADDataset
0.88328,0.89456,[0],./save/moe_dual_branch_concat/moe_dual_branch_PsychioNet/pretrain,./save/moe_dual_branch_concat/moe_dual_branch_PsychioNet/finetune/WESADDataset





#New Runn
0.9285533333333333,0.9388333333333334,[0],./save/dual_branch_no_scale/moe_dual_branch_WESADDataset/pretrain,./save/dual_branch_no_scale/moe_dual_branch_WESADDataset/finetune/WESADDataset
0.8726133333333335,0.8966866666666667,[0],./save/dual_branch_no_scale/moe_dual_branch_SWELLDataset/pretrain,./save/dual_branch_no_scale/moe_dual_branch_SWELLDataset/finetune/WESADDataset
0.9142466666666667,0.9245133333333333,[0],./save/dual_branch_no_scale/moe_dual_branch_PsychioNet/pretrain,./save/dual_branch_no_scale/moe_dual_branch_PsychioNet/finetune/WESADDataset

0.683056,0.7339840000000001,[0],./save/dual_branch_no_scale/moe_dual_branch_WESADDataset/pretrain,./save/dual_branch_no_scale/moe_dual_branch_WESADDataset/finetune/SWELLDataset
0.6929000000000001,0.740796,[0],./save/dual_branch_no_scale/moe_dual_branch_PsychioNet/pretrain,./save/dual_branch_no_scale/moe_dual_branch_PsychioNet/finetune/SWELLDataset
0.6819160000000001,0.7200000000000002,[0],./save/dual_branch_no_scale/moe_dual_branch_SWELLDataset/pretrain,./save/dual_branch_no_scale/moe_dual_branch_SWELLDataset/finetune/SWELLDataset

0.6177400000000001,0.63524,[0],./save/dual_branch_no_scale/moe_dual_branch_WESADDataset/pretrain,./save/dual_branch_no_scale/moe_dual_branch_WESADDataset/finetune/StressIDDataset
0.59856,0.62952,[0],./save/dual_branch_no_scale/moe_dual_branch_SWELLDataset/pretrain,./save/dual_branch_no_scale/moe_dual_branch_SWELLDataset/finetune/StressIDDataset
0.6070800000subject_aware_contrastive_learning/save/Mmoe_dual_6splits_expert000001,0.63838,[0],./save/dual_branch_no_scale/moe_dual_branch_PsychioNet/pretrain,./save/dual_branch_no_scale/moe_dual_branch_PsychioNet/finetune/StressIDDataset
